path,id,receipt
asset-manifest.json,GnpHXlrvHwxgRt7dLpAUv51vclJGqDl5pEEI2YFIa1o,"{""id"":""GnpHXlrvHwxgRt7dLpAUv51vclJGqDl5pEEI2YFIa1o"",""block"":1288114,""deadlineHeight"":1288114,""public"":""pGFsvdSB9sxbwU5L4HD2v12DK40kzZ5N69s6WlI3Uw9pFdHMHei3n1Tv4jvZqU9yeIMGsS60MQRvfJK1AEoNYsQqk4Rciajw0_IemZdwlt4u4voDALRalrQ3NV4knOlHRY11anqV0fNhikWCsiRPukIRZrdcFfqzFr0boH8bou7DgESNvWxROOxSC149oKxJ06FQsBDaIeElBsR8qTddybvXqMagXCM9y_HNrtAoz_8LgPjQtK5LFEbXhh9PyI_GOuoHyzJUc9Sm-V9kCB4kTm-SHrPbETQnvejZBcqEHxNcDNWBv6CWjj3-0V3dFMhjM1cy14d0Lm4j0IyRLm9bHM3s0ssVDd20gjWyar-D0o6guJIrteEC7UGR-w1yvXoGuIwdfZeoSAZ_CU9FrOJfQCTDs2aLgdCNeYKXg0Rt8YZL_elZnG7utCkO78TwxbGqear_I-1dlO39CUlo13YSS6pPonioWqkzXcXh93G7BYjgUxcPJ31kLyr2wBRA4OObAYRvh-5V3TkULlmwR4Q0pV3cUeOLI94b4WhaDZDI_RIJiCXQvtGy190NqTBeVogPrrAXLFkK0E013GByHrmzZoELfSUorjK-bDk4wXxdbVqzY7KXP-NEt3Bu-woinbUf56i3DXLrYlwINYK39VUydGpcQLZ5EDCL4u_IL_iFPt0"",""signature"":""Wt5c00c-LY7oGC2MvrzzUSiaJA0EIS--lZ9D9Xs7gDuo7Mrwcf3DEnpLpTJFpvnNsb_dZkdfqtBciM4wkXX_GzjjwtvMj3teb-yG8OBEUzrkxz6-zAe4dVHSye79LoNilwJNj9DhT1mBqDR2OaSUkOtXutrpge-yBI2-KnecNufCPva1OEJaWSaBmPJsy2MZglpsjsTyy6UWwLkVTBrTHAGnU_mkS5Zddn6zsiWdPlxC6DzX3TZgqsi97SuoUOT_6UNjoPu6kntgynuPbqN1I8t1ywpIgGpeiTaDGDxmzQ1HWQjAxtDnP4pu5HVnTuMBPME8EQ-5fdmjF6oCiCA55QXrpDFFCF5kCyfaJTI4jz4N3S4gUVBdypaRmk0bHBHXCrJQtv12giD2w1oB_o4jodG8Xft2JcAEW6F-6zZUE3XhiybOQoQNUmAOqxoWDEoibIPUGb7nI3YvRUb-LYgSGZak2munDRwcT821vtBDulkVNrvaLpAabiEonFiPv-owNwERocVhRxRheNgXNCdbyxX_rkGRR1k_nBq7JQ5oA8qIiQDj5blnoQiQRl3YfvVSSlwd5uaQuVlnenCGxBQnH4h3VjKZohS0jv9ooyVgTiOHpnjj6YVP5A8Q72WF4dRYYDjzaPJZJ61ImttcpLp3VKAFF4FCK8EyALGnEOl4VsY"",""timestamp"":1697627904451,""validatorSignatures"":[],""version"":""1.0.0""}"
static/css/main.e6c13ad2.css,BSGjpr1AHjf59zxerAz4oxxxSjY7xnr11nR9jyonUpg,"{""id"":""BSGjpr1AHjf59zxerAz4oxxxSjY7xnr11nR9jyonUpg"",""block"":1288114,""deadlineHeight"":1288114,""public"":""pGFsvdSB9sxbwU5L4HD2v12DK40kzZ5N69s6WlI3Uw9pFdHMHei3n1Tv4jvZqU9yeIMGsS60MQRvfJK1AEoNYsQqk4Rciajw0_IemZdwlt4u4voDALRalrQ3NV4knOlHRY11anqV0fNhikWCsiRPukIRZrdcFfqzFr0boH8bou7DgESNvWxROOxSC149oKxJ06FQsBDaIeElBsR8qTddybvXqMagXCM9y_HNrtAoz_8LgPjQtK5LFEbXhh9PyI_GOuoHyzJUc9Sm-V9kCB4kTm-SHrPbETQnvejZBcqEHxNcDNWBv6CWjj3-0V3dFMhjM1cy14d0Lm4j0IyRLm9bHM3s0ssVDd20gjWyar-D0o6guJIrteEC7UGR-w1yvXoGuIwdfZeoSAZ_CU9FrOJfQCTDs2aLgdCNeYKXg0Rt8YZL_elZnG7utCkO78TwxbGqear_I-1dlO39CUlo13YSS6pPonioWqkzXcXh93G7BYjgUxcPJ31kLyr2wBRA4OObAYRvh-5V3TkULlmwR4Q0pV3cUeOLI94b4WhaDZDI_RIJiCXQvtGy190NqTBeVogPrrAXLFkK0E013GByHrmzZoELfSUorjK-bDk4wXxdbVqzY7KXP-NEt3Bu-woinbUf56i3DXLrYlwINYK39VUydGpcQLZ5EDCL4u_IL_iFPt0"",""signature"":""fakZ4mAzz_KAntgApZdNliXfDa-2H8ZUSBr5OhSsdpJJtylRZWhKLBEuLAFdW1yz2-NLfCLCk_tqdWMA7k3hVXdzxJXz0FQaKSU0Hem9VH8yYBo16eAuWCUS5pYC5qA8EXmkCacidYwzSkH8RdveyGUsf4yfpfn1KjS9mnGkSX8mwdPi5jQKpYLZBzCXPDl1J5-nlT93G4wXMJ1fhPJRXV3UJbiyFN7EjnVC_-NREdetRcME5bT1G1wr-_iL9jS_r9r5bNYVNpAZw-JQcD9t38l5o9l9hVWcNj7d2yY4FEqjj028LdzevMtOjnFSX3uFaTxvXWZJJvdTAGVOx1h9lAryNuXtX_YidtyiqHDsQzLpRXKofb5daNUG54ll7fP2ydyldgp1xxOQ9dw0oW41MueBNQZ4DR0xi-2aiH5BU8qwONHbMbxLI140i5zft_-5G20qJWw5kZarjUxAizaf5C4aDTXjmdk7TcNnp5kPmRBrF2QaeyPcb5AE3Y1OheQNIPQuYYEaUwlDInPdlihofzgGCZAawD62rqqV67n6lzsRY1UDj29ICosueFXd_eO22p0YdwXy9hmu6mUS9ZdT3JPlOnpuIl9A7T4rH8fKAr57GVU2DtJPxtfV12a3majHiy5kYwuUN65e9UnnGMF3YqlPvZCUWYTa6er7oX7EKMs"",""timestamp"":1697627904559,""validatorSignatures"":[],""version"":""1.0.0""}"
index.html,4JwZ4IJp-ul7nJ7hvpKwOa2xws-nK4MFJIQ00RBwlEM,"{""id"":""4JwZ4IJp-ul7nJ7hvpKwOa2xws-nK4MFJIQ00RBwlEM"",""block"":1288114,""deadlineHeight"":1288114,""public"":""pGFsvdSB9sxbwU5L4HD2v12DK40kzZ5N69s6WlI3Uw9pFdHMHei3n1Tv4jvZqU9yeIMGsS60MQRvfJK1AEoNYsQqk4Rciajw0_IemZdwlt4u4voDALRalrQ3NV4knOlHRY11anqV0fNhikWCsiRPukIRZrdcFfqzFr0boH8bou7DgESNvWxROOxSC149oKxJ06FQsBDaIeElBsR8qTddybvXqMagXCM9y_HNrtAoz_8LgPjQtK5LFEbXhh9PyI_GOuoHyzJUc9Sm-V9kCB4kTm-SHrPbETQnvejZBcqEHxNcDNWBv6CWjj3-0V3dFMhjM1cy14d0Lm4j0IyRLm9bHM3s0ssVDd20gjWyar-D0o6guJIrteEC7UGR-w1yvXoGuIwdfZeoSAZ_CU9FrOJfQCTDs2aLgdCNeYKXg0Rt8YZL_elZnG7utCkO78TwxbGqear_I-1dlO39CUlo13YSS6pPonioWqkzXcXh93G7BYjgUxcPJ31kLyr2wBRA4OObAYRvh-5V3TkULlmwR4Q0pV3cUeOLI94b4WhaDZDI_RIJiCXQvtGy190NqTBeVogPrrAXLFkK0E013GByHrmzZoELfSUorjK-bDk4wXxdbVqzY7KXP-NEt3Bu-woinbUf56i3DXLrYlwINYK39VUydGpcQLZ5EDCL4u_IL_iFPt0"",""signature"":""d_Q80J-VMYa2pSHrNoKkGWqAmFIZYmmSd_05P4yVB4H9svMUwwQJSFh4z0vSIf1As5wUDEtv88ZeyH89OmbzI6GgJfz5rj2V7cAV6UkQ5S14-SRn-9LUy8m0lZ2i39z4Q2oMsIzzJLVhGn1FUOol8bKx96HGhAhz2YnCNFXeFR309yI4X3BXOB4cnrGz26z89gyf81YAvFBQz9260gbIbCSAoDGn1tU6tbZJ-7q0MyRTf9YxrRUtxbpiDdOngf0TrsT5ShlBLPIIzSRakvS0r3JZr0_JbHAnSrhSzmtRrI81M9MXf8dKZZQhNurHoGxC_n_k55ndButMtYmOGvHEKvpDCpJVmuuv6p3lqgZbU1mcUDiLHwhpW9qUVrea9inLsrKJmfMNuThna-eiAMM1Jbl9KQ8gZZmVYeCjQwkRyLhNX7bzJ2t_E1_biIiTvMm5OsO2i7EL-Z6WYDOXz6wMpaIvJjYwRXABKcseP3jlAmVbpzwFe2phrsMHREmt-3y0uVAQvklnCu4SaoTvXPcuoTTf9SfRBitWiRrFC5QDJ971rTqVy6Gk2h-VgcmoR7PIGXE35w6khGI18wKoGdmXz8CPrQPIv8yOLIM9rnlhLmEqgGEcmb5JBD2poiUYwU-cRj0BfwGyA1A1pTtTxlAAIWrJO86gm1hyNbfBRIn4FbY"",""timestamp"":1697627904560,""validatorSignatures"":[],""version"":""1.0.0""}"
logo192.png,jiIBqmeM4DLCq1oNckxDnxknOJnQ0GaSo6kuFayeeUw,"{""id"":""jiIBqmeM4DLCq1oNckxDnxknOJnQ0GaSo6kuFayeeUw"",""block"":1288114,""deadlineHeight"":1288114,""public"":""pGFsvdSB9sxbwU5L4HD2v12DK40kzZ5N69s6WlI3Uw9pFdHMHei3n1Tv4jvZqU9yeIMGsS60MQRvfJK1AEoNYsQqk4Rciajw0_IemZdwlt4u4voDALRalrQ3NV4knOlHRY11anqV0fNhikWCsiRPukIRZrdcFfqzFr0boH8bou7DgESNvWxROOxSC149oKxJ06FQsBDaIeElBsR8qTddybvXqMagXCM9y_HNrtAoz_8LgPjQtK5LFEbXhh9PyI_GOuoHyzJUc9Sm-V9kCB4kTm-SHrPbETQnvejZBcqEHxNcDNWBv6CWjj3-0V3dFMhjM1cy14d0Lm4j0IyRLm9bHM3s0ssVDd20gjWyar-D0o6guJIrteEC7UGR-w1yvXoGuIwdfZeoSAZ_CU9FrOJfQCTDs2aLgdCNeYKXg0Rt8YZL_elZnG7utCkO78TwxbGqear_I-1dlO39CUlo13YSS6pPonioWqkzXcXh93G7BYjgUxcPJ31kLyr2wBRA4OObAYRvh-5V3TkULlmwR4Q0pV3cUeOLI94b4WhaDZDI_RIJiCXQvtGy190NqTBeVogPrrAXLFkK0E013GByHrmzZoELfSUorjK-bDk4wXxdbVqzY7KXP-NEt3Bu-woinbUf56i3DXLrYlwINYK39VUydGpcQLZ5EDCL4u_IL_iFPt0"",""signature"":""FTrek85eue-Cy63CcY83Z2pceB4TUglcvIMW_ZvFL59yew85ihMAaNSMFUQXg4jM3s2_785ZQ7anWfjV5kT5IJNrmqh3lEqfQEu2H-28uHzEtKOibdGk0lLvCUOKPPp3tE1ATR9qw8mE6OT-ZEcLGUBZCLa3g_u0BQ6qa6VrM3ZJpHVTu2RfpniVa1ubwvDUU74GqOrgC5D6fX6XzmPV-G5diQBkZGEEZc-L1vCawR9PtuFIMbkEqOZhGhZwlKdvobDfIRKHuHnZkiDVw_oocxnjsClurZ1Zx5ekYCXXopOHpvy3KPrK_LCNmr1DyUO_BPsmfOEctK_GHY7YNOHtvSQulSwQyE1U8ajGv_vqUEggpTN9aQsh74RspcxJcmRNF0jzp3o3G35mHDNcRc_ZH8d_ZeCrv2DNt8G7bY7WB4eT8OlDSSdPQSTYn0TNvcTkfUes_bQMNwA3sKSHQ_Gd0Z8y3JbuT-MYWOP4reQ-sqOWQ_TwJmxQ5ENsxtHgJaRCnnLHqvFM3xsUIIAnF2yeQwGu1q9cgTSqbigRfVjDgcdRI1UskRjPU3KVmprjWNl2IxfVX_-t15_gm7-fzUpZBzFgPXaD_LSra8o8-uCFSZOhvovNZIDi8-gyA8bFIEAZERFoeNPqDbMg6F2WXse8CLfsb-qxl1NraZkcms6L5Yo"",""timestamp"":1697627904559,""validatorSignatures"":[],""version"":""1.0.0""}"
static/css/main.e6c13ad2.css.map,ZX_pCrcIp2DoZFSFcV2M69ppfBpiTehby-icKbVAIzQ,"{""id"":""ZX_pCrcIp2DoZFSFcV2M69ppfBpiTehby-icKbVAIzQ"",""block"":1288114,""deadlineHeight"":1288114,""public"":""pGFsvdSB9sxbwU5L4HD2v12DK40kzZ5N69s6WlI3Uw9pFdHMHei3n1Tv4jvZqU9yeIMGsS60MQRvfJK1AEoNYsQqk4Rciajw0_IemZdwlt4u4voDALRalrQ3NV4knOlHRY11anqV0fNhikWCsiRPukIRZrdcFfqzFr0boH8bou7DgESNvWxROOxSC149oKxJ06FQsBDaIeElBsR8qTddybvXqMagXCM9y_HNrtAoz_8LgPjQtK5LFEbXhh9PyI_GOuoHyzJUc9Sm-V9kCB4kTm-SHrPbETQnvejZBcqEHxNcDNWBv6CWjj3-0V3dFMhjM1cy14d0Lm4j0IyRLm9bHM3s0ssVDd20gjWyar-D0o6guJIrteEC7UGR-w1yvXoGuIwdfZeoSAZ_CU9FrOJfQCTDs2aLgdCNeYKXg0Rt8YZL_elZnG7utCkO78TwxbGqear_I-1dlO39CUlo13YSS6pPonioWqkzXcXh93G7BYjgUxcPJ31kLyr2wBRA4OObAYRvh-5V3TkULlmwR4Q0pV3cUeOLI94b4WhaDZDI_RIJiCXQvtGy190NqTBeVogPrrAXLFkK0E013GByHrmzZoELfSUorjK-bDk4wXxdbVqzY7KXP-NEt3Bu-woinbUf56i3DXLrYlwINYK39VUydGpcQLZ5EDCL4u_IL_iFPt0"",""signature"":""na5V8KTiu72xzgup918uvI3Oy4wBYId4WWZJBlRlJytM9RaC4KOXjm0Wma2yHPphlUGU8cU611HCfCIfWYg9EeJnRgIiaTs_bIpDurIXQtMBv1pCJi_TqAc3TGiROwXUh-W5Cpm0BVpiu-_cDK1LOy7CP--lPJSrRNYRVax4X3d7GR1gUkhkzE2mJkULSX7u8SxOSbI0F6-i7N880Bcsqi1aBHuS_X3GgeRLsB9BeAA8kShMBLLf3dTFqMRdTHCpTCgMJSqeolJnoWniz2zwisIDqrOHISFSHOKOv2zk8wOHwMm3NyfxlErne3CU8meOtKh-LK2pYqstCdKOi4_U3nyFz48Jqz0WMr_8fa3lXiVHkwE0BoIzv5I26fQjGjOf4TIPxpizLA5j-MblL1wFuU8v_MdbSa6F5fLAfEKUvDzyS2xGIp0y6JojFdpkl6CEUcpcaFNu-nKOrXST_xthSkYsom4JGwCRkZDREM1BJmzvsHN2aePttESpcOidl_jJ92Xw-YQDbbJd3_dBEZg6eei7ABrxk2__9YAYYTjAIn5bccRRGL22OIvz8MeapwGGw8iukRuvmykteq98sWuZVE1ubESFinxyKR2KdPix5lJFbtReMkvM7pF_NOUP-7MluACOnFDzRV-rTI8U8NcNRhZwnB73-8blENRSwz-mgEE"",""timestamp"":1697627904559,""validatorSignatures"":[],""version"":""1.0.0""}"
logo512.png,nfBLA6_kgrbrdlKHlIe2MUcDB_8rqCGn98dvzVUW79U,"{""id"":""nfBLA6_kgrbrdlKHlIe2MUcDB_8rqCGn98dvzVUW79U"",""block"":1288114,""deadlineHeight"":1288114,""public"":""pGFsvdSB9sxbwU5L4HD2v12DK40kzZ5N69s6WlI3Uw9pFdHMHei3n1Tv4jvZqU9yeIMGsS60MQRvfJK1AEoNYsQqk4Rciajw0_IemZdwlt4u4voDALRalrQ3NV4knOlHRY11anqV0fNhikWCsiRPukIRZrdcFfqzFr0boH8bou7DgESNvWxROOxSC149oKxJ06FQsBDaIeElBsR8qTddybvXqMagXCM9y_HNrtAoz_8LgPjQtK5LFEbXhh9PyI_GOuoHyzJUc9Sm-V9kCB4kTm-SHrPbETQnvejZBcqEHxNcDNWBv6CWjj3-0V3dFMhjM1cy14d0Lm4j0IyRLm9bHM3s0ssVDd20gjWyar-D0o6guJIrteEC7UGR-w1yvXoGuIwdfZeoSAZ_CU9FrOJfQCTDs2aLgdCNeYKXg0Rt8YZL_elZnG7utCkO78TwxbGqear_I-1dlO39CUlo13YSS6pPonioWqkzXcXh93G7BYjgUxcPJ31kLyr2wBRA4OObAYRvh-5V3TkULlmwR4Q0pV3cUeOLI94b4WhaDZDI_RIJiCXQvtGy190NqTBeVogPrrAXLFkK0E013GByHrmzZoELfSUorjK-bDk4wXxdbVqzY7KXP-NEt3Bu-woinbUf56i3DXLrYlwINYK39VUydGpcQLZ5EDCL4u_IL_iFPt0"",""signature"":""BAa6tdsj9KX8Fni0UTbCbxAY8OIDP1LSKErumTUHrTR9XSCsdBFayysfO1juWz-crdlww_6ljCnpUcscaRKSi-WJBuoa8uJ_soK5duF6jXHiHlcOACgLijNBQitiXwMZFGnXnRu00O7Ii1aD1FSKh9UU2Mc1uDCdi3SX4HiKSz1pMPEe5A2U8j_3yyxvKv2GeWKlMWPhvkGmaK0Vuj-nI4oo-wOqcq48ZbBBwAIgq3wV6oh8hqY6uoKYIF9mjh2naAkQ1SGN2BhJ87Gshx-1Gh_S0Yt9n-eaP4w8aUuISffpX5run_J_YL65iLJN-tW_EnRAylFQ6d18bhpNbtz3v9jw3jW-8neaNNZqbKXppmJZ4ZC02Ttf9YYwVTDvmK7jy3Oj-EpkLhZ91WRMEOhgQmyHgWjRZqkP_CnZ3CsnAE6HzS6hLf6ZvhzmRW-7EbPuGYKIoB-XfLmP7Q2kexQ5qJ_rZSvlWX4AlT8WTfCmune1PKk1B7ujwG5LVvaqQp10hMdbhxxUftOJP3cyQ30PgYUhxLi3wkLo32RTtzP73owT642t1Msp8QuQkxVSAD-0dsYE2hAkhKDFRL81yh2mo2dsFfeLPkm7wCq-566AkASHdjZDCveHgUxBZK8_gAgMYNuJynqN-i1yWOYgGN-ZSiHFF9etGmE_kFtT8jIPxsg"",""timestamp"":1697627904558,""validatorSignatures"":[],""version"":""1.0.0""}"
robots.txt,-Shg9BIhFTUydPEwCnGeOLaD5Aemp1GBi4Usq0774RU,"{""id"":""-Shg9BIhFTUydPEwCnGeOLaD5Aemp1GBi4Usq0774RU"",""block"":1288114,""deadlineHeight"":1288114,""public"":""pGFsvdSB9sxbwU5L4HD2v12DK40kzZ5N69s6WlI3Uw9pFdHMHei3n1Tv4jvZqU9yeIMGsS60MQRvfJK1AEoNYsQqk4Rciajw0_IemZdwlt4u4voDALRalrQ3NV4knOlHRY11anqV0fNhikWCsiRPukIRZrdcFfqzFr0boH8bou7DgESNvWxROOxSC149oKxJ06FQsBDaIeElBsR8qTddybvXqMagXCM9y_HNrtAoz_8LgPjQtK5LFEbXhh9PyI_GOuoHyzJUc9Sm-V9kCB4kTm-SHrPbETQnvejZBcqEHxNcDNWBv6CWjj3-0V3dFMhjM1cy14d0Lm4j0IyRLm9bHM3s0ssVDd20gjWyar-D0o6guJIrteEC7UGR-w1yvXoGuIwdfZeoSAZ_CU9FrOJfQCTDs2aLgdCNeYKXg0Rt8YZL_elZnG7utCkO78TwxbGqear_I-1dlO39CUlo13YSS6pPonioWqkzXcXh93G7BYjgUxcPJ31kLyr2wBRA4OObAYRvh-5V3TkULlmwR4Q0pV3cUeOLI94b4WhaDZDI_RIJiCXQvtGy190NqTBeVogPrrAXLFkK0E013GByHrmzZoELfSUorjK-bDk4wXxdbVqzY7KXP-NEt3Bu-woinbUf56i3DXLrYlwINYK39VUydGpcQLZ5EDCL4u_IL_iFPt0"",""signature"":""YLUglQTSk-2Y20Ss_NuX-da0_j0pdZVKh_nx6xbwGmbTrXs5gBjNS9Ggk36d68_KKSOfV_5CS74CMrQhOx2sYbI9W66NAiZdZr2OAmCVFCzWm8hHPNp8JhfkOCN7oP-zSA4MUIaiq5A4As2lYXuoSEQnmMQu7z5KUOsARIVEPivx2rLIYEzp3xrgpfd2cC5oqZ5GbfTXEYyE3T4Gwb2PW1eCO2WHSrK1nLTTt9L_-Kzb6LSKNFx1PCN0X4YUsGORfAK2g9w2iOEjN8xZbERy8aS75cfHxvHgwrfQKJtJOv9dQy1zoRezEEb96TzmIgdoDdwNxhNSMS66E3ZG4LXifvyrCsXCTLzcw7-2Cn6ETJbTVFLeKJ4HV-1x20tByWdwv_sVI699WJTcxRwEiZF9-ZO6qbKlmkeQKmfKpaaFgR5a8-vKwB5KeJyt2plKhFqWm2kvrKmZrne36QqCO5NKANCFgXN-IFcmJFVP2TDqSTWVFzhdJPfz5Bs0V_wM9DEyE0cQwSquVIE6F5o0CZ_eVBdlNJ-E3GFvAqxd9grs9jMbeEHOW7DopMQ1hlrytQRuYX4w9ZC1PkyV6vbLG0zQy0yeEZP-Mkf9bRv6gP-JeLUGJdNVhTTB20H8CsSiuyFUeGdrza8sPjPA6VlVEFNRtazGd3RiPzETTFtjoqFopvg"",""timestamp"":1697627904558,""validatorSignatures"":[],""version"":""1.0.0""}"
static/js/main.38264815.js.LICENSE.txt,Wj8vSgi2Z2Q89InaY1gPkBc4a5TAi6ngszW-ZWh9gOw,"{""id"":""Wj8vSgi2Z2Q89InaY1gPkBc4a5TAi6ngszW-ZWh9gOw"",""block"":1288114,""deadlineHeight"":1288114,""public"":""pGFsvdSB9sxbwU5L4HD2v12DK40kzZ5N69s6WlI3Uw9pFdHMHei3n1Tv4jvZqU9yeIMGsS60MQRvfJK1AEoNYsQqk4Rciajw0_IemZdwlt4u4voDALRalrQ3NV4knOlHRY11anqV0fNhikWCsiRPukIRZrdcFfqzFr0boH8bou7DgESNvWxROOxSC149oKxJ06FQsBDaIeElBsR8qTddybvXqMagXCM9y_HNrtAoz_8LgPjQtK5LFEbXhh9PyI_GOuoHyzJUc9Sm-V9kCB4kTm-SHrPbETQnvejZBcqEHxNcDNWBv6CWjj3-0V3dFMhjM1cy14d0Lm4j0IyRLm9bHM3s0ssVDd20gjWyar-D0o6guJIrteEC7UGR-w1yvXoGuIwdfZeoSAZ_CU9FrOJfQCTDs2aLgdCNeYKXg0Rt8YZL_elZnG7utCkO78TwxbGqear_I-1dlO39CUlo13YSS6pPonioWqkzXcXh93G7BYjgUxcPJ31kLyr2wBRA4OObAYRvh-5V3TkULlmwR4Q0pV3cUeOLI94b4WhaDZDI_RIJiCXQvtGy190NqTBeVogPrrAXLFkK0E013GByHrmzZoELfSUorjK-bDk4wXxdbVqzY7KXP-NEt3Bu-woinbUf56i3DXLrYlwINYK39VUydGpcQLZ5EDCL4u_IL_iFPt0"",""signature"":""dYtU6J2rArbdTs1Y6NaqScpe4RUQ6XjvOboKDltFOSuCo7RSfmgPH0CIHMmmxcQWGaLL-u4KSJDC3ZQ-FOTJj37xzyNaGD5x2atXQUZ86dqypo15JBM8IwQOMWgMw2Cc9leTRUzZrl7bfRfZLr4YvF6qkgBoljWjI4YBOoPRGyRyO8fhm7SbU3NcZEDEzv3o9LrWr9X7wV5YwlPXboqRomuyq3by1-hcNSjMYCKLKWQpNSrEwDb8MOsZBp0uBrxvdYM5Vl7vQxxQbYfgwIbPisQsDTAuJVP3t5iHAOw01e0CLLlsUt6VS_vqGfjZzfeA44JdGW6RGKWQzKd0BlFlvQ5RnIXMYAhecHHCU7ciEhI3WYkHmOJqUp5Rjayd9PVuw6cOlzKvSTlb-sF0R9JTHQVE0KhvTjh1vt2x5mCa3T70r-vpum_aUwPCn9peAHTmdioFSqHgcDmAvocFh9dmtjw2OpEcRD_K_orNTLBRoEv6tupcrAh40eTFhaT688QvW2PmbprciOLlvQtq2GT1u9_aMiftirZB19YEz0384hrI1Bbitr8qUhI9c1BFGWCxI9F9mqdFVzDliwBEzKH8IfW5DVleByI-yQm3WCTKZ2Ebd_ODwztxQ8PV9d3fpUx_x2JvCScIgxFICHA-M7EnJ4KZiOvh30TnDmM86B6H8-A"",""timestamp"":1697627904559,""validatorSignatures"":[],""version"":""1.0.0""}"
favicon.ico,EJfUwqQ_HjkfLOnVxOpkpEG31_WmaEpsBDLih2b-JYI,"{""id"":""EJfUwqQ_HjkfLOnVxOpkpEG31_WmaEpsBDLih2b-JYI"",""block"":1288114,""deadlineHeight"":1288114,""public"":""pGFsvdSB9sxbwU5L4HD2v12DK40kzZ5N69s6WlI3Uw9pFdHMHei3n1Tv4jvZqU9yeIMGsS60MQRvfJK1AEoNYsQqk4Rciajw0_IemZdwlt4u4voDALRalrQ3NV4knOlHRY11anqV0fNhikWCsiRPukIRZrdcFfqzFr0boH8bou7DgESNvWxROOxSC149oKxJ06FQsBDaIeElBsR8qTddybvXqMagXCM9y_HNrtAoz_8LgPjQtK5LFEbXhh9PyI_GOuoHyzJUc9Sm-V9kCB4kTm-SHrPbETQnvejZBcqEHxNcDNWBv6CWjj3-0V3dFMhjM1cy14d0Lm4j0IyRLm9bHM3s0ssVDd20gjWyar-D0o6guJIrteEC7UGR-w1yvXoGuIwdfZeoSAZ_CU9FrOJfQCTDs2aLgdCNeYKXg0Rt8YZL_elZnG7utCkO78TwxbGqear_I-1dlO39CUlo13YSS6pPonioWqkzXcXh93G7BYjgUxcPJ31kLyr2wBRA4OObAYRvh-5V3TkULlmwR4Q0pV3cUeOLI94b4WhaDZDI_RIJiCXQvtGy190NqTBeVogPrrAXLFkK0E013GByHrmzZoELfSUorjK-bDk4wXxdbVqzY7KXP-NEt3Bu-woinbUf56i3DXLrYlwINYK39VUydGpcQLZ5EDCL4u_IL_iFPt0"",""signature"":""EWH0tXStuiDcbNZRiAZdjNzqPV_0umtq45OTI98m4j1EShL5wymcnv57Ylcjz4ejVOlF6hcQJL3AwEexAouCtcDshVXVJyM4E5qSKm-l3VW3SkOoByXx6OHtBI6tTsDzZXD2htabTeXIiCR4cE6zhjkGe0YNTEwNdgHpWVxWNsD_SnExo1lrf8_H7A0fTEG-XoTEEHA1zbrUzcjphjvDju6swkWPyXuUzaVpeDhhcMxkbOM4B6gTd7NydCBHobxgpKOZH57CioZx-TRaVF5n9-C8B6d3P8DGuF6E1reHjEEONd0K4uft10u0V8VHQFn7ooVveD_CjGixCtLuJybuVThcOPU1pQms48kDVc53OiFJvhpHt5HlBturOahHvHuHvYiqPbJIRQuHJHSfGA-sVAzJHDrVGgFeNPrzqBk63YXdFZ5vFXy14kZeKYm5v8ZbFYA2LypwlTil6jppnQ2ESb2YQ5Fifgqi6M5QhtRs-h41MuTWORGgkurgJKXCs6FeZDUI6JQdXJeFaYa88HvKsWk2IlD2JCfuVxkhRPji6BwN96ie7XkELTxxK6GNi3FEF27RE3QY5A2mCL1jFDP__N36bBb3PRWOFXfYIAGaOMpNQba28UT3hvlLbYiAlFVUbpPopBcxPwqs1ef-I_XtQmnoUPaFiB812z7kHsCC7DQ"",""timestamp"":1697627904567,""validatorSignatures"":[],""version"":""1.0.0""}"
manifest.json,9eIKfDgXX_IP1uupaA0tnx6dRbD06PjIS4GzKMnIXZo,"{""id"":""9eIKfDgXX_IP1uupaA0tnx6dRbD06PjIS4GzKMnIXZo"",""block"":1288114,""deadlineHeight"":1288114,""public"":""pGFsvdSB9sxbwU5L4HD2v12DK40kzZ5N69s6WlI3Uw9pFdHMHei3n1Tv4jvZqU9yeIMGsS60MQRvfJK1AEoNYsQqk4Rciajw0_IemZdwlt4u4voDALRalrQ3NV4knOlHRY11anqV0fNhikWCsiRPukIRZrdcFfqzFr0boH8bou7DgESNvWxROOxSC149oKxJ06FQsBDaIeElBsR8qTddybvXqMagXCM9y_HNrtAoz_8LgPjQtK5LFEbXhh9PyI_GOuoHyzJUc9Sm-V9kCB4kTm-SHrPbETQnvejZBcqEHxNcDNWBv6CWjj3-0V3dFMhjM1cy14d0Lm4j0IyRLm9bHM3s0ssVDd20gjWyar-D0o6guJIrteEC7UGR-w1yvXoGuIwdfZeoSAZ_CU9FrOJfQCTDs2aLgdCNeYKXg0Rt8YZL_elZnG7utCkO78TwxbGqear_I-1dlO39CUlo13YSS6pPonioWqkzXcXh93G7BYjgUxcPJ31kLyr2wBRA4OObAYRvh-5V3TkULlmwR4Q0pV3cUeOLI94b4WhaDZDI_RIJiCXQvtGy190NqTBeVogPrrAXLFkK0E013GByHrmzZoELfSUorjK-bDk4wXxdbVqzY7KXP-NEt3Bu-woinbUf56i3DXLrYlwINYK39VUydGpcQLZ5EDCL4u_IL_iFPt0"",""signature"":""XmPNzlPySzXOnZZTrJBUK9liT5ApyHStaLkrMcYJrBTYJwOkg_ODTN2b7XKJQqAHE4RbIdDKIdb67MlOwEjRdYWHfvKdRLrDadT63sHwR1ryu617Pw7XmKfGrMCSWB9J4FomQ4LENUqQAc_BUs6SsvGXKgRpgtg3EAL1xyZyyV4J9bTkANYiHi6fNkUPUjoBUaSBGk8al3uObENdTn90MpsKFe-Gc9GI1raNgnXeF60aQWvaZN3tgt6SvRUGuiGfPXnBIxPtiw1szpY48dbsDML9exDFBfcyb-mZNjqIAHek3hSbN2gf0EStPxQsqOtCbbcDfx-2N0E0KoHIq4noFop9YXemzYEtGtoz5ARYP7v_OQI3OowEk_prE88micVnt8QWN5YtfGZokm6Tc8sOzpYYQWl3t5MPqFbyzcuXm4ovLXGW22I-g0Wuw94X8_OPnx389pnvWBDHBNAs8H1sTqDOVIxbRdWb27yaxZX7WbeIu5Jbmk4o7ONAa8QSWZfBe3ubpa6PFkS4GT9cORywX4loPzWqeeCpHe1WOYhb6abOLhujXnDycNl86zeM_6x7Aod0bPO4AaLATFFjY761mwmxpRVvH3Z7Bn86QS8uU046ZJBMrwQ5DowwH1-sLIO2wTyX5UxlDIUnhsU5OGuVJCagPFuShPPfUPjrbyOLJPc"",""timestamp"":1697627904627,""validatorSignatures"":[],""version"":""1.0.0""}"
static/js/main.38264815.js,ESfXH2SipN9WLNDopBZs3ldDvMlgVmnHOd_PMyler8A,"{""id"":""ESfXH2SipN9WLNDopBZs3ldDvMlgVmnHOd_PMyler8A"",""block"":1288114,""deadlineHeight"":1288114,""public"":""pGFsvdSB9sxbwU5L4HD2v12DK40kzZ5N69s6WlI3Uw9pFdHMHei3n1Tv4jvZqU9yeIMGsS60MQRvfJK1AEoNYsQqk4Rciajw0_IemZdwlt4u4voDALRalrQ3NV4knOlHRY11anqV0fNhikWCsiRPukIRZrdcFfqzFr0boH8bou7DgESNvWxROOxSC149oKxJ06FQsBDaIeElBsR8qTddybvXqMagXCM9y_HNrtAoz_8LgPjQtK5LFEbXhh9PyI_GOuoHyzJUc9Sm-V9kCB4kTm-SHrPbETQnvejZBcqEHxNcDNWBv6CWjj3-0V3dFMhjM1cy14d0Lm4j0IyRLm9bHM3s0ssVDd20gjWyar-D0o6guJIrteEC7UGR-w1yvXoGuIwdfZeoSAZ_CU9FrOJfQCTDs2aLgdCNeYKXg0Rt8YZL_elZnG7utCkO78TwxbGqear_I-1dlO39CUlo13YSS6pPonioWqkzXcXh93G7BYjgUxcPJ31kLyr2wBRA4OObAYRvh-5V3TkULlmwR4Q0pV3cUeOLI94b4WhaDZDI_RIJiCXQvtGy190NqTBeVogPrrAXLFkK0E013GByHrmzZoELfSUorjK-bDk4wXxdbVqzY7KXP-NEt3Bu-woinbUf56i3DXLrYlwINYK39VUydGpcQLZ5EDCL4u_IL_iFPt0"",""signature"":""H4ffDLavHX9Mn4kkY4C_-Tn9QrdjYcwBMFncmhG_UP3NWW74CK1TJiIngp8mVp8HnWL82eCw9FQEX_mQi6R1a_cuRUMU92QFHXqcUs15CnD2AODoyv5JVNhT4KvyVbb1mq5Me0ypd0izeoiHNy_VAUS3-zPNTHwUL0oBDWFiZMBPRfrU-gTZd1lazSlIzy3i-IqFvpi0-tC22-rNEb3PYMfeOAOQLRqN57U5qV45wLaROfiu7gkPWrMM4dM2CXV3S8_gZY5oefmMKKvb5n4goCobdsCS4eKjW-bMZr1cBZWuVDgbduvzMqiYYI2t4WTaN6tMiRK1_jteBTxu5G21SCSanNoxeJfX2cPZ39PAQ43eEraqVfajmsThMsDkrYSY3SZfqr0m0TcO2RP80xmKMus8yEJHNCOztWOAZujsjTN-ErVVGwtQy7eKJ8XVZMGxc2eOtnipxvB4R5C4xRQmgXL-VLNqRH9h7sVtiJwynAysbhRXNAZbXJcWDzxkPMXtdcgOUzWm6ptJx1GO6yBE2mGCVZfaB8ANtszpXQhNHv9zKbtv9eFQuISsjza58BTv3_DfrVbP6MQmK7X57BiNgWST8Ox47bx2jsgBEWbeTDCeMSQO0Z5ZQpRoGFWrDp2WUCXSBtTc5r1KbiR33tABpKDOkrrQAvKCijBFej7J10E"",""timestamp"":1697627904637,""validatorSignatures"":[],""version"":""1.0.0""}"
static/js/main.38264815.js.map,3bz1uBqy0N8WdQe3L8usTEzbtfAJZnfUJROBgQ-qm70,"{""id"":""3bz1uBqy0N8WdQe3L8usTEzbtfAJZnfUJROBgQ-qm70"",""block"":1288114,""deadlineHeight"":1288114,""public"":""pGFsvdSB9sxbwU5L4HD2v12DK40kzZ5N69s6WlI3Uw9pFdHMHei3n1Tv4jvZqU9yeIMGsS60MQRvfJK1AEoNYsQqk4Rciajw0_IemZdwlt4u4voDALRalrQ3NV4knOlHRY11anqV0fNhikWCsiRPukIRZrdcFfqzFr0boH8bou7DgESNvWxROOxSC149oKxJ06FQsBDaIeElBsR8qTddybvXqMagXCM9y_HNrtAoz_8LgPjQtK5LFEbXhh9PyI_GOuoHyzJUc9Sm-V9kCB4kTm-SHrPbETQnvejZBcqEHxNcDNWBv6CWjj3-0V3dFMhjM1cy14d0Lm4j0IyRLm9bHM3s0ssVDd20gjWyar-D0o6guJIrteEC7UGR-w1yvXoGuIwdfZeoSAZ_CU9FrOJfQCTDs2aLgdCNeYKXg0Rt8YZL_elZnG7utCkO78TwxbGqear_I-1dlO39CUlo13YSS6pPonioWqkzXcXh93G7BYjgUxcPJ31kLyr2wBRA4OObAYRvh-5V3TkULlmwR4Q0pV3cUeOLI94b4WhaDZDI_RIJiCXQvtGy190NqTBeVogPrrAXLFkK0E013GByHrmzZoELfSUorjK-bDk4wXxdbVqzY7KXP-NEt3Bu-woinbUf56i3DXLrYlwINYK39VUydGpcQLZ5EDCL4u_IL_iFPt0"",""signature"":""oaMcQAQPYOnILTL1ibiXCk0bS4OEmX9XqZbQZ0vTiuQeFkcNYWmqMo0d51WlScBVLx6LCasp2CQIWBNaF8troR3uq0Sgl_ZlgXkHIt2MGboQrqUIxixTKgt3uWVP9o48cf-485_maJwBpmjL7aLxVFDDMJ8xCHIGhFYS3QgR_beLnUyoFPR1wB7rnRI0PBpRl48441TSCAuuTyu9azstRjTILWrgPT_rqXDH1f0XI7LdkmdILEY4LxSTfVRxNVPmM6pz2FqOK7f19D7Al13CBut4Ep5PqUgUFkuwtKohVuFGWidbPtNhDIZm8GGkovZrbLje0twBcBBORm3LVVGYhHhn67yhBN0wahWUmHeGZkrD7uqUkF0RHAgyqiXn8IXkdgI-Mc0vkQTtUIc1GnYsHBsS-QdKsipt6eSgJQ53GKtEJqlU_5057usU0HgNKPZ725reSbPgQrWdP7RhAnTzjS2Yf5pUxaBkcDwHSJyIymH59g7hfenJGJzX3bhOiSNg76MDtsCiOBs1uRMAfC8VhFE6mdNaQU4Yf9-vAGA_EtYLJ2Z1zt_NTajUDBFiFpLGfJOHfN74ZKxsY2Ii9cTBmtsJY6TMpktRhtxj8S6qD612nDxXTJdEZoeTLn10N2NObguQoW8cIsGKGgQgCtfDDggUd7BWFST1GFOI8diEgGo"",""timestamp"":1697627904851,""validatorSignatures"":[],""version"":""1.0.0""}"
